sampleName,rawReadsNum,Trimmed & host reads removed,Read pairs joined & trimmed
D13004D15_GCTCATGA-GTAAGGAG_S100_L003,70858214,70802932,56245727
D13004D384_CGAGGCTG-CGTCTAAT_S189_L004,57797208,57750842,40696383
D13004D46_TAGGCATG-TTATGCGA_S7_L002,71404202,71349132,54976126
D13004D7_CTCTCTAC-ACTGCATA_S8_L002,58665680,58125560,48054745
D13004PRE_TAGCGCTC-TCGACTAG_S9_L002,76722954,76658072,58337560
D17010D15_CGAGGCTG-ACTGCATA_S190_L004,59190302,59130100,42246642
D17010D22_CGGAGCCT-ACTGCATA_S102_L003,96020030,95952892,73781664
D17010D2_AGGCAGAA-GCGTAAGA_S101_L003,63641298,63534540,50379837
D17010D31_TAGCGCTC-TCGACTAG_S103_L003,72113188,72047694,53031620
D17010D398_CGAGGCTG-GTAAGGAG_S191_L004,70778088,70682738,48045209
D17010D64_GCTCATGA-TTATGCGA_S10_L002,60073360,59980596,46845793
D17010D8_CGAGGCTG-GCGTAAGA_S11_L002,54013828,53954208,38682304
D17010PRE_GCTCATGA-TATCCTCT_S104_L003,69318672,69302074,50062613
D18423D109_GTAGAGGA-GCGTAAGA_S105_L003,117726608,117656906,96105862
D18423D180_CGAGGCTG-CGTCTAAT_S106_L003,46445944,46412116,32281402
D18423D19_TAAGGCGA-CGTCTAAT_S12_L002,52750350,52716584,40361873
D18423D28_AGGCAGAA-TCGACTAG_S13_L002,74430336,74388662,51268570
D18423D354_CGGAGCCT-ACTGCATA_S192_L004,60693340,60664510,43560955
D18423D5_GTAGAGGA-TCGACTAG_S193_L004,66045912,66002398,50331430
D18423D92_AGGCAGAA-ACTGCATA_S14_L002,60114742,60076282,43787950
D18423PRE_TAGGCATG-CCTAGAGT_S107_L003,67329360,67286326,53391454
D18594D5_CGGAGCCT-TATCCTCT_S108_L003,74411458,74337156,55963344
D18594PRE_GCTCATGA-GTAAGGAG_S15_L002,53547756,53494974,36914241
D19688D14_AGGCAGAA-TATCCTCT_S16_L002,70696404,70439308,51518744
D19688D180_GGACTCCT-TTATGCGA_S109_L003,53368812,53341348,41732119
D19688D20_GGACTCCT-GTAAGGAG_S194_L004,63208680,63165116,45479592
D19688D29_GGACTCCT-TTATGCGA_S195_L004,59190862,59150934,40418394
D19688D364_AGGCAGAA-CCTAGAGT_S110_L003,93577402,93507770,69739326
D19688D5_GTAGAGGA-TCGACTAG_S17_L002,71647210,71583810,59067965
D19688D63_GCTCATGA-TCGACTAG_S111_L003,64998502,64962822,50469713
D19688D96_CGGAGCCT-CGTCTAAT_S112_L003,105571492,105489944,70169623
D19688PRE_CGTACTAG-ACTGCATA_S18_L002,65913108,65876776,50751654
D19754D-1_GCTCATGA-GTAAGGAG_S196_L004,71587750,71541994,53459175
D19754D-9_TAGCGCTC-CCTAGAGT_S25_L002,60560512,60522950,45633266
D19754D110_AAGAGGCA-GCGTAAGA_S197_L004,39130520,39100008,28237080
D19754D12_GGACTCCT-CGTCTAAT_S19_L002,53054656,53020454,39388821
D19754D171_AGGCAGAA-TTATGCGA_S20_L002,55952686,55920010,43940269
D19754D19_CGAGGCTG-TATCCTCT_S21_L002,227748344,191544526,151865110
D19754D26_TAGCGCTC-GTAAGGAG_S22_L002,72755066,63953556,44896437
D19754D384_CTCTCTAC-TTATGCGA_S23_L002,12109842,12101850,8786642
D19754D55_AAGAGGCA-CCTAGAGT_S198_L004,61471028,61446120,43138634
D19754D8_GGACTCCT-GTAAGGAG_S24_L002,51243020,51219986,38952648
D19836D0_AAGAGGCA-GTAAGGAG_S26_L002,59699736,59649298,43996357
D19836D13_CTCTCTAC-TCGACTAG_S113_L003,65607278,64602066,45809279
D19836D189_TAAGGCGA-ACTGCATA_S27_L002,59233494,59189014,40012297
D19836D21_GCTCATGA-GCGTAAGA_S114_L003,60471620,58926642,47294468
D19836D365_CGAGGCTG-TATCCTCT_S199_L004,113300418,113241772,80148385
D19836D56_TAAGGCGA-CCTAGAGT_S200_L004,71991034,71921036,56907520
D19836D92_AAGAGGCA-CGTCTAAT_S115_L003,52668540,52621552,40701784
D19836PRE_CGTACTAG-TCGACTAG_S116_L003,64961930,64921834,42994551
D19840D106_CGGAGCCT-GCGTAAGA_S201_L004,77135596,77091658,57052133
D19840D12_TAAGGCGA-TTATGCGA_S202_L004,68138668,68102250,52885199
D19840D196_TAGGCATG-CGTCTAAT_S118_L003,57419108,57369358,38221218
D19840D19_GCTCATGA-CCTAGAGT_S117_L003,42714426,42690292,33037749
D19840D368_AGGCAGAA-GTAAGGAG_S119_L003,72509422,72462780,57432422
D19840D63_AGGCAGAA-TATCCTCT_S120_L003,76426778,76077392,59468923
D19840D767_GGACTCCT-ACTGCATA_S121_L003,74335852,74298024,57308915
D19840PRE_AAGAGGCA-CGTCTAAT_S28_L002,58917478,58872726,48229311
D20117D108_TAGCGCTC-TATCCTCT_S29_L002,79999378,79399836,58659192
D20117D12_GCTCATGA-CCTAGAGT_S203_L004,56392238,56352942,43860268
D20117D196_TAAGGCGA-GTAAGGAG_S122_L003,70413908,70347884,51937360
D20117D20_AGGCAGAA-GTAAGGAG_S204_L004,72550732,72523446,58388080
D20117D267_GGACTCCT-TATCCTCT_S205_L004,75801468,75674892,59049664
D20117D29_GGACTCCT-TCGACTAG_S206_L004,102648650,102624632,77932161
D20117D357_TAGGCATG-CCTAGAGT_S30_L002,74182264,74025332,63027525
D20117D44_GGACTCCT-GCGTAAGA_S123_L003,65304926,65274398,50852192
D20117D4_GCTCATGA-TCGACTAG_S207_L004,52883518,52858490,37380077
D20117D537_GCTCATGA-ACTGCATA_S124_L003,50925300,50878486,39096331
D20117D743_CTCTCTAC-ACTGCATA_S208_L004,76911434,76701710,55472975
D20117D76_CTCTCTAC-CGTCTAAT_S125_L003,56104648,56075290,41917813
D20117PRE_CTCTCTAC-TATCCTCT_S126_L003,93060870,93000758,71506683
D20215D0_GGACTCCT-GCGTAAGA_S31_L002,51965158,51928880,33804115
D20215D16_GTAGAGGA-ACTGCATA_S209_L004,70186590,70103976,53116270
D20215D177_CGGAGCCT-ACTGCATA_S32_L002,105400450,105327412,82976220
D20215D22_AGGCAGAA-TTATGCGA_S127_L003,68419216,63100478,42922256
D20215D28_CGTACTAG-CCTAGAGT_S128_L003,57415282,57363456,41627535
D20215D37_TAGGCATG-TTATGCGA_S210_L004,55157922,55106040,43115303
D20215D70_GGACTCCT-TTATGCGA_S33_L002,52782270,52752076,39076805
D20215D91_CGGAGCCT-GCGTAAGA_S129_L003,61059838,60962982,46887776
D20215PRE_AAGAGGCA-GCGTAAGA_S130_L003,70661400,70624766,55797265
D20231D14_AGGCAGAA-TTATGCGA_S211_L004,66752586,59216696,50645863
D20231D188_AAGAGGCA-CGTCTAAT_S212_L004,57305970,57276818,42176934
D20231D1_AAGAGGCA-GCGTAAGA_S34_L002,59981570,59863554,44135010
D20231D21_TAGGCATG-CGTCTAAT_S35_L002,55913354,55869396,44503745
D20231D29_AGGCAGAA-TATCCTCT_S213_L004,63254514,63205262,49201866
D20231D69_TAGGCATG-GCGTAAGA_S36_L002,63770570,63745900,50771876
D20231PRE_GTAGAGGA-ACTGCATA_S37_L002,58939484,58907208,47620236
D20236D0_GGACTCCT-CGTCTAAT_S131_L003,28604246,28590470,19060432
D20236D14_TAGCGCTC-GCGTAAGA_S38_L002,68775928,68470026,55981872
D20236D169_GGACTCCT-TCGACTAG_S39_L002,15126446,15117016,10956637
D20236D27_CTCTCTAC-TATCCTCT_S214_L004,76608872,75640646,66974161
D20236D34_TAGCGCTC-TATCCTCT_S132_L003,76172306,75890666,52973924
D20236D43_GTAGAGGA-GCGTAAGA_S215_L004,63855606,63787362,49440234
D20236D56_CTCTCTAC-GTAAGGAG_S133_L003,73273944,73181088,52521063
D20236D68_AGGCAGAA-ACTGCATA_S216_L004,61560140,61496750,45049697
D20236D8_TAGCGCTC-GCGTAAGA_S217_L004,78482804,78438538,56123805
D20236D99_GCTCATGA-ACTGCATA_S40_L002,45525608,45491706,35274973
D20236PRE_AAGAGGCA-GTAAGGAG_S218_L004,67827998,67801664,53834403
D20248D14_TAAGGCGA-TATCCTCT_S41_L002,71010488,70956842,49542846
D20248D194_TAGCGCTC-TCGACTAG_S219_L004,72795672,72747686,53425647
D20248D1_CTCTCTAC-ACTGCATA_S134_L003,70256074,70184888,53207771
D20248D21_TAGGCATG-GTAAGGAG_S135_L003,86144164,86081600,67446193
D20248D28_TAGCGCTC-TTATGCGA_S136_L003,73501008,73475012,49174039
D20248D54_CGTACTAG-TATCCTCT_S42_L002,69438596,69359472,50949725
D20248D8_GCTCATGA-GCGTAAGA_S220_L004,57579934,57550024,43573372
D20248PRE_GGACTCCT-ACTGCATA_S221_L004,55239822,55215336,39681301
D20622D-1_TAGGCATG-GTAAGGAG_S43_L002,68522190,68473552,56987066
D20622D11_CGAGGCTG-GTAAGGAG_S137_L003,48346636,48297302,35780557
D20622D14_AAGAGGCA-TCGACTAG_S138_L003,58414900,58398484,39113741
D20622D167_TAAGGCGA-TTATGCGA_S139_L003,70837338,70794804,55870765
D20622D20_CGGAGCCT-CCTAGAGT_S140_L003,67599122,67564426,51029351
D20622D25_CGTACTAG-GTAAGGAG_S222_L004,70789706,70776556,52730278
D20622D276_TAGCGCTC-GCGTAAGA_S141_L003,76005882,75703634,57786011
D20622D28_CGTACTAG-GTAAGGAG_S44_L002,61568742,61539190,43855345
D20622D32_GCTCATGA-TTATGCGA_S142_L003,64405016,64256764,42622810
D20622D64_TAAGGCGA-TCGACTAG_S45_L002,291013228,290674042,183936919
D20622D7_TAGGCATG-TATCCTCT_S223_L004,71911212,71892008,55444502
D20622D90_GCTCATGA-ACTGCATA_S224_L004,66205290,66145720,50016819
D20622PRE_TAGGCATG-CGTCTAAT_S225_L004,55327096,55297054,40511198
D20653D103_GCTCATGA-TTATGCGA_S226_L004,57462772,57410870,42397294
D20653D7_TAAGGCGA-GCGTAAGA_S46_L002,62545056,62498792,49977858
D20653PRE_CTCTCTAC-TATCCTCT_S47_L002,72098308,72058292,52807992
D20726D0_TAGCGCTC-GTAAGGAG_S143_L003,60360932,60294314,48673708
D20726D174_CGTACTAG-GTAAGGAG_S144_L003,77734486,77710860,56625161
D20726D28_CTCTCTAC-GCGTAAGA_S145_L003,53096166,53042994,39639111
D20726D366_CGGAGCCT-TCGACTAG_S48_L002,65839198,65792220,53248147
D20726D62_AGGCAGAA-GCGTAAGA_S49_L002,48280414,48191840,38053292
D20726D97_CGAGGCTG-TCGACTAG_S146_L003,55104266,55081618,36985359
D20726PRE_AAGAGGCA-TATCCTCT_S227_L004,71687510,71624930,54578295
D20784D113_GTAGAGGA-ACTGCATA_S147_L003,67315622,67259114,53131447
D20784D171_AGGCAGAA-TCGACTAG_S228_L004,88166862,88104816,64220611
D20784D24_AAGAGGCA-TTATGCGA_S229_L004,65299692,65252144,41647912
D20784D61_AGGCAGAA-GTAAGGAG_S50_L002,64005214,63960602,45831263
D20784D7_TAAGGCGA-CCTAGAGT_S51_L002,77257518,77190066,67266913
D20784D89_CGAGGCTG-GCGTAAGA_S148_L003,58826852,58258270,44706331
D20784PRE_CGGAGCCT-CGTCTAAT_S230_L004,61504752,61461216,46934355
D20923D15_GGACTCCT-CGTCTAAT_S231_L004,67037162,67012662,51142380
D20923D22_CTCTCTAC-CGTCTAAT_S232_L004,52735534,52705794,43669196
D20923D8_GGACTCCT-GTAAGGAG_S149_L003,69349338,69327764,52823660
D20923D98_CGGAGCCT-TTATGCGA_S150_L003,61424842,61389466,40760854
D20923PRE_TAGCGCTC-CCTAGAGT_S233_L004,71857612,71673532,55447925
D21044D102_CGAGGCTG-ACTGCATA_S152_L003,58849584,58813810,42559477
D21044D10_TAGCGCTC-CGTCTAAT_S151_L003,42199826,42170520,28148620
D21044D20_CGTACTAG-TCGACTAG_S52_L002,82522100,82503958,62420950
D21044D27_AGGCAGAA-CCTAGAGT_S234_L004,76685770,76661870,61793823
D21044D60_GGACTCCT-TCGACTAG_S153_L003,65849476,65817444,43578577
D21044PRE_CGTACTAG-CGTCTAAT_S53_L002,46181412,46064540,33108774
D21276D13_TAGGCATG-ACTGCATA_S235_L004,70253262,70221402,51629941
D21276D183_GCTCATGA-GCGTAAGA_S54_L002,50935884,50909550,40554226
D21276D30_AAGAGGCA-ACTGCATA_S236_L004,82842400,82800966,64355192
D21276D5_CGAGGCTG-GCGTAAGA_S237_L004,66129050,65849508,49487876
D21276D89_CGAGGCTG-CCTAGAGT_S55_L002,60406026,60258700,46940927
D21276PRE_GTAGAGGA-TATCCTCT_S154_L003,73314656,73272600,54825150
D21281D2_AAGAGGCA-TATCCTCT_S56_L002,67601224,67549254,51748210
D21281D49_TAAGGCGA-TTATGCGA_S57_L002,59396816,59369078,40272063
D21281PRE_AAGAGGCA-CCTAGAGT_S155_L003,65717240,65660902,49488597
D21309D0_AAGAGGCA-TCGACTAG_S238_L004,71211572,71126136,54091628
D21309D10_TAGCGCTC-TTATGCGA_S239_L004,60973008,60877814,43866997
D21309D181_CGGAGCCT-GTAAGGAG_S58_L002,59903210,59870066,43291336
D21309D22_TAAGGCGA-CGTCTAAT_S156_L003,15865080,15856540,12718236
D21309D29_TAAGGCGA-ACTGCATA_S157_L003,75403982,75363170,58337246
D21309D365_GTAGAGGA-CGTCTAAT_S59_L002,60542076,60504916,48141217
D21309D58_TAAGGCGA-GTAAGGAG_S240_L004,65880320,65821870,50323328
D21309D98_AGGCAGAA-CCTAGAGT_S60_L002,313298,302018,216653
D21309PRE_CTCTCTAC-CGTCTAAT_S61_L002,56405788,56372428,47476866
D21376D20_CTCTCTAC-TTATGCGA_S241_L004,53986324,53952934,40949510
D21376D358_TAGGCATG-GCGTAAGA_S158_L003,72885352,72832404,59450342
D21376D50_CGTACTAG-GCGTAAGA_S62_L002,60702230,60668820,44796565
D21376D6_CGTACTAG-GCGTAAGA_S159_L003,65705240,65668096,46411292
D21376D95_AAGAGGCA-CCTAGAGT_S63_L002,67190564,67165870,55656482
D21376PRE_CGTACTAG-ACTGCATA_S160_L003,47919008,47892162,33634884
D21590D19_CTCTCTAC-CCTAGAGT_S161_L003,67538938,67512196,52436549
D21590D6_TAAGGCGA-CGTCTAAT_S242_L004,61134080,61025222,43248866
D21590D97_CGTACTAG-CGTCTAAT_S162_L003,61773998,61737040,43447276
D21590PRE_CGTACTAG-TTATGCGA_S243_L004,57931636,57896382,38654948
D21593D-3_TAAGGCGA-TCGACTAG_S244_L004,67555624,67520418,53753089
D21593D7_CGTACTAG-ACTGCATA_S245_L004,60299962,60266104,43665017
D21593PRE_AAGAGGCA-TCGACTAG_S64_L002,64198660,64166262,53557331
D21630D15_CTCTCTAC-GCGTAAGA_S246_L004,64996270,64978290,50504515
D21630D28_GTAGAGGA-TTATGCGA_S247_L004,66725500,66675476,50762092
D21630D35_AGGCAGAA-TCGACTAG_S163_L003,54820880,54795094,43264314
D21630D8_AAGAGGCA-TTATGCGA_S65_L002,27720826,27695452,19909580
D21630D96_AAGAGGCA-ACTGCATA_S66_L002,45980880,45952152,37220639
D21630PRE_CGTACTAG-CCTAGAGT_S67_L002,61045826,61018268,44744884
D21685D0_AGGCAGAA-ACTGCATA_S164_L003,69097984,69032150,55227530
D21685D15_TAGCGCTC-ACTGCATA_S68_L002,73760172,73692784,51216032
D21685D22_GTAGAGGA-GCGTAAGA_S69_L002,52127350,52090720,41150090
D21685D30_TAGGCATG-CCTAGAGT_S248_L004,70075674,70023082,51608604
D21685D58_TAGCGCTC-CGTCTAAT_S70_L002,87295524,87211804,61320239
D21685D7_GTAGAGGA-TATCCTCT_S71_L002,68449264,68319462,46742231
D21685NPE_TAAGGCGA-GCGTAAGA_S249_L004,65219542,65005764,49828166
D21685PRE_CGTACTAG-TTATGCGA_S72_L002,49020234,48972668,36712557
D21752D14_CGTACTAG-CGTCTAAT_S250_L004,46996082,46943938,33536323
D21752PRE_GTAGAGGA-CGTCTAAT_S251_L004,46795626,46767022,36171105
D21754D12_TAGCGCTC-CGTCTAAT_S252_L004,57654586,57607354,43376746
D21754D20_CTCTCTAC-CCTAGAGT_S73_L002,64850894,64814876,49376887
D21754D26_TAGGCATG-TTATGCGA_S165_L003,71199804,71168490,55846287
D21754D54_TAGCGCTC-ACTGCATA_S253_L004,79238300,79179694,61495133
D21754D8_GCTCATGA-CGTCTAAT_S254_L004,48105060,48077700,38637836
D21754PRE_AAGAGGCA-ACTGCATA_S166_L003,70230938,70192890,53372416
D18423D13_CTCTCTAC-TCTTACGC_S84_L003,45129970,45102496,33542882
D18423D54_TAGCGCTC-ATTAGACG_S85_L003,33457722,33432404,23850116
D19836D29_AAGAGGCA-AGAGGATA_S86_L003,65907098,65861270,50766258
D19840D15_TAGCGCTC-CTAGTCGA_S87_L003,58823844,58782614,45699212
D19840D6_CGTACTAG-TCTTACGC_S88_L003,63665364,63637270,47052852
D20231D90_TAGCGCTC-CTCCTTAC_S89_L003,60346464,60312080,45639640
D20653D29_CGTACTAG-CTCCTTAC_S90_L003,36631774,36608144,27161437
D20726D62_CGAGGCTG-ATTAGACG_S91_L003,54104346,53984740,38249572
D21276D-2_TAAGGCGA-CTAGTCGA_S92_L003,53070048,53017644,41137136
D21276D57_CTCTCTAC-ACTCTAGG_S93_L003,45945418,45902588,36482445
D21309D15_AGGCAGAA-ATTAGACG_S94_L003,43882858,43824212,32375311
D21630D57_CGGAGCCT-AGAGGATA_S95_L003,61766222,60676376,45290164