"","Ciprofloxacin","Augmentin","Metronidazole","Ceftriaxone","Vancomycin","Cefepime","Azithromycin","Trimethoprim-Sulfamethoxazole","Penicillin","Levofloxacin","trimethoprim-sulfamethoxazole","Dapsone","Amoxicillin","Trimethoprim-sulfamethoxazole","Cefdinir","Metronidzole","Piperacillin-tazobactam","Trimethprim-sulfamethoxazole","Ceftazidime","TMP-SMX","Cefuroxime","Cephalexin","Pentamidine","Pencillin","Doxycycline","Meropenem","Daptomycin","Sulfamethoxazole","Cefazolin","Aztreonam"
"efrB",0.138862193962075,0.98674012908337,0.838069070813537,0.824341337207081,0.880672412994988,0.720856133436053,0.422927996336164,0.98824997698645,0.999055777951197,0.0604611701431983,0.987910894528624,0.665415747523118,0.450546478596809,NA,NA,NA,0.740612855301355,0.00340617816615439,0.00084212748665571,0.410814686859292,0.798290933205991,0.827550609384651,0.79981570975931,NA,0.794477111229536,0.969283993345104,0.192939261606319,0.731680725216003,0.771637881942698,NA
"Escherichia coli AcrAB-TolC with MarR mutations conferring resistance to ciprofloxacin and tetracycline",0.0234729223539583,0.98674012908337,0.816431631538888,0.824341337207081,0.980222430110426,0.720856133436053,3.47456803973407e-20,0.199569717242233,1.71700942837773e-11,0.764441061018281,2.95338283377396e-20,0.749085151012871,0.321518355690549,NA,NA,NA,0.544077696771446,3.11510114968373e-20,2.27183294905689e-20,0.0080414122666556,0.269297522093158,0.980724867596266,0.954363887483433,NA,0.961350325988965,0.867117932169303,0.610001389690813,0.975025397141533,0.969121227816646,NA
"mdtB",0.0234729223539583,0.98674012908337,0.970086303451349,0.684143529593315,0.530393839450043,0.142561212273271,0.38175201310832,0.792522992731018,0.72759761381993,0.720083160370909,0.940009260362231,0.772375971695423,0.767365045289273,NA,NA,NA,0.772138953013442,1.19296241103446e-41,4.02245490854116e-42,0.359671518412445,0.0383334378757794,0.980724867596266,0.724507560639767,NA,0.961350325988965,0.954881282624094,0.615072864382181,0.955712133123202,0.969121227816646,NA
"msrC",0.106007590306662,0.98674012908337,0.816431631538888,0.953626167931788,0.0134195915547568,0.00452665897608785,0.719471133428035,0.98824997698645,0.938648917260215,0.764441061018281,0.895998027488943,0.745203314164855,0.321518355690549,NA,NA,NA,0.930417701819029,0.959108102443326,0.781494100836884,0.851832345651916,0.961399816224008,0.980724867596266,0.954363887483433,NA,0.961350325988965,0.954881282624094,0.615072864382181,0.966041676584125,0.969121227816646,NA
"tet(44)",0.0393876955242689,0.98674012908337,0.838069070813537,0.197071669127739,0.0461477353751078,0.125160204178425,0.978822331275596,0.450576574844128,0.917604668541391,0.64930852838266,4.45820396641934e-24,0.753195358839673,0.927674087883864,NA,NA,NA,0.275988037215536,0.743108201406651,0.914844651220629,0.908063315791077,0.226880775583941,0.980724867596266,0.954363887483433,NA,0.961350325988965,0.954881282624094,0.589981523273807,0.966041676584125,0.923390787295977,NA
"tet(T)",0.000186921705351303,0.98674012908337,0.816431631538888,0.684143529593315,1.92341209666268e-12,5.71959288514637e-08,0.820774138703444,5.8144333905246e-11,0.23654130717945,0.825708562073029,1.63224796157689e-47,0.694735843396346,0.525470632591185,NA,NA,NA,0.00324380007676952,0.487365232785065,1.63224796157682e-47,0.210626376150425,0.317826265564204,0.980724867596266,0.155245621285908,NA,0.961350325988965,0.826813128755507,0.117756259296804,0.979004856067782,0.816588412693182,NA
"gadW",0.279101617902408,0.98674012908337,0.816431631538888,0.824341337207081,0.202010390837594,0.196076132769452,6.42512130231882e-12,0.199569717242233,0.999055777951197,0.64930852838266,5.5684384620096e-12,0.745203314164855,0.525470632591185,NA,NA,NA,0.983866703220703,0.864644848818865,0.781494100836884,0.00090564793305858,1.35132991997541e-11,1.54314488681722e-11,0.954363887483433,NA,3.37073444180627e-11,4.79177361844e-11,0.772545238284085,0.708053774925197,7.945896791371e-12,NA
"tet(36)",0.0393876955242689,0.98674012908337,0.816431631538888,0.684143529593315,7.72716245375042e-12,5.71959288514637e-08,0.967151009896668,0.840729266841603,0.999055777951197,0.695770156326838,3.65377945446277e-39,0.745203314164855,0.913227516116299,NA,NA,NA,0.000327458973375892,0.979372968643764,0.724357009923889,0.34605488372056,0.921717813397588,0.980724867596266,0.638056047610486,NA,0.690030351806838,0.533086186592047,1.37476206033467e-05,0.955712133123202,0.969121227816646,NA
"lnuC",0.934844314673728,0.98674012908337,0.816431631538888,0.201443140841109,0.105752071308275,0.475180492378815,0.967151009896668,0.797173834860494,1.56712793519095e-34,0.975582343676058,0.313483069957582,0.976828958681951,0.327239619990551,NA,NA,NA,0.159161234956525,5.31125370872944e-35,2.58463516258794e-35,0.604196031431407,0.902814264497539,0.231452612727992,0.979584106902965,NA,0.293587644770568,0.969283993345104,0.76795840323183,0.955712133123202,0.833748432996102,NA
"mdeA",0.279101617902408,8.98094960039342e-17,0.816431631538888,0.824341337207081,0.937660708489289,0.808594772811314,2.16781542078462e-17,5.42874944894391e-17,7.23833259859189e-17,0.975582343676058,0.963009541957157,0.745203314164855,0.525470632591185,NA,NA,NA,0.930417701819029,0.743108201406651,0.570970995994621,0.410814686859292,0.878061630725143,0.980724867596266,0.954363887483433,NA,0.961350325988965,0.960900513666924,0.873276360750901,0.731680725216003,0.969121227816646,NA
"adeF",0.871823123154147,0.98674012908337,0.174187610085971,0.234264792958097,0.353187385896426,0.13084097005353,5.87636592634426e-48,0.811396149457427,0.999055777951197,0.61574261821163,0.0126813264578928,0.749085151012871,0.919564703745336,NA,NA,NA,0.0321301531052416,0.153889532443786,1.82806583033285e-07,0.50629969704204,0.317826265564204,0.980724867596266,0.954841260564333,NA,0.961350325988965,0.668801875168886,0.451028458879429,0.155386566015102,0.816588412693182,NA
"emrA",0.268073634460341,0.98674012908337,0.816431631538888,0.824341337207081,0.497827880421284,0.140895419333244,2.26133267134252e-27,0.236384705371603,0.999055777951197,0.975582343676058,0.987910894528624,0.745203314164855,0.0404893094179376,NA,NA,NA,0.530522876022043,0.959108102443326,1.23345418436865e-27,0.67297004503785,0.00173096764401302,0.980724867596266,0.545866433208775,NA,0.961350325988965,0.954881282624094,0.874551060914952,0.945692661217115,0.969121227816646,NA
"MuxC",0.232848937805242,0.98674012908337,1.76136013710841e-08,0.953626167931788,0.00727108848343178,0.179667297529375,4.80876612063525e-20,1.30049760599542e-19,1.51724720699469e-19,0.64930852838266,4.12179953197304e-20,0.95669003386677,0.861876784246962,NA,NA,NA,0.138326584715606,0.747380080180818,0.935090978729703,0.942655852601372,1.11569704102948e-19,0.980724867596266,0.912341654359765,NA,1.40549371792771e-19,7.41092659141635e-19,0.881891799462163,0.396136781508571,4.79130696945681e-20,NA
"emrK",0.272646790803108,0.98674012908337,0.927201456243012,0.824341337207081,0.976764763636042,0.953061982616226,3.62504909346254e-18,0.199569717242233,0.999055777951197,0.975582343676058,3.1417092143342e-18,0.738599968123823,0.307668324172744,NA,NA,NA,0.915140160441425,3.6219704915783e-18,2.69289361228646e-18,0.312860458974869,0.961399816224008,0.980724867596266,0.912341654359765,NA,0.961350325988965,0.954881282624094,0.671964512174758,0.731680725216003,0.986109740008126,NA
"Klebsiella pneumoniae acrA",0.899416428828479,3.40254864732458e-10,0.949003504374342,0.824341337207081,0.600388272956294,0.28651149917191,0.967151009896668,0.885799613428719,0.999055777951197,0.695770156326838,9.61589835113469e-11,0.619927836641565,0.942892554089164,NA,NA,NA,0.846638099452021,1.28620903151293e-10,9.6158983511348e-11,0.604196031431407,2.16146163845458e-10,0.980724867596266,4.91479249058001e-10,NA,0.961350325988965,6.10393466370254e-10,0.0462323764922253,0.269097100127879,1.31574342228836e-10,NA
"mdtE",0.934844314673728,0.98674012908337,0.838069070813537,0.96619716361492,0.804616417354556,0.839652317790268,1.67278277366268e-19,0.199569717242233,3.08368204708846e-12,0.975582343676058,0.987910894528624,0.417672264481813,0.927674087883864,NA,NA,NA,0.397505919150024,0.959108102443326,1.29505763122272e-19,0.300333140074043,0.878061630725143,4.25461610887767e-19,0.349342903742159,NA,0.957166568239395,0.826813128755507,0.451028458879429,0.975025397141533,1.91212061360204e-19,NA
"msbA",0.0464645233382834,0.98674012908337,0.927201456243012,0.684143529593315,0.804616417354556,0.270218960146913,0.976602946371592,0.8565274461204,0.6858172651233,0.975582343676058,0.759339418136415,0.930189341621582,0.58065699268645,NA,NA,NA,0.930417701819029,1.32799366767952e-34,8.01920868618878e-35,0.210626376150425,0.0383334378757794,0.980724867596266,0.954363887483433,NA,0.961350325988965,0.954881282624094,0.615072864382181,0.938822050095852,0.969121227816646,NA
"nimA",0.000186921705351303,0.98674012908337,0.927201456243012,0.824341337207081,8.34237035043093e-10,1.01278395537304e-06,7.26275372589925e-23,0.0037945443050871,1.20338058936632e-22,0.513980442019823,4.53922107868703e-23,0.609350458515399,0.58065699268645,NA,NA,NA,5.20322865736164e-07,0.747380080180818,0.918269895048701,0.408262558797498,0.878061630725143,0.980724867596266,0.954363887483433,NA,0.961350325988965,0.867117932169303,0.192939261606319,0.955712133123202,7.07949734686162e-23,NA
"pmrA",0.0829534725358977,1.40337019083863e-12,0.970086303451349,0.953626167931788,0.733022705214466,0.490693269209278,4.67790063612877e-13,0.999055777951197,0.999055777951197,0.975582343676058,3.91638192792176e-13,0.619927836641565,0.245635330504456,NA,NA,NA,0.830985969988025,0.557530815474286,0.805400393637808,0.526909653615792,1.08193179904842e-12,0.980724867596266,2.40577747000908e-12,NA,0.961350325988965,0.867117932169303,0.931559139466786,0.955712133123202,0.969121227816646,NA
"Escherichia coli AcrAB-TolC with AcrR mutation conferring resistance to ciprofloxacin, tetracycline, and ceftazidime",0.232848937805242,2.78984249111631e-16,0.0568164029982442,0.824341337207081,0.782004064824296,0.426246090577985,7.43957997631016e-17,0.199569717242233,0.999055777951197,0.975582343676058,0.963009541957157,0.665415747523118,0.525470632591185,NA,NA,NA,0.930417701819029,8.30144583208168e-17,5.87335261287644e-17,0.145971186814008,2.08643251817979e-16,1.79864659695107e-16,0.954363887483433,NA,0.961350325988965,0.991946192923873,0.372895986121037,0.975025397141533,8.87282787730534e-17,NA
"mdtM",0.952062702375028,0.98674012908337,0.816431631538888,0.824341337207081,0.697813046435348,0.731336652037363,0.995789822511097,0.21717794362817,0.999055777951197,0.64930852838266,0.966980459502102,0.976828958681951,0.525470632591185,NA,NA,NA,0.976945578420378,0.867814510249877,0.991113678323624,0.569342804516676,0.798290933205991,0.996443282411301,0.98477641231606,NA,0.492740892220293,0.954881282624094,0.70106667247566,0.975025397141533,1.21003429839227e-24,NA
"PmrF",0.00537420494771362,0.98674012908337,0.886144885550158,0.684143529593315,0.880672412994988,0.537960635634755,5.63899502450145e-26,0.274419500642404,2.48126047080054e-18,0.975582343676058,3.28941376429249e-26,0.738599968123823,0.20304473627548,NA,NA,NA,0.402536049913307,5.12425965409852e-26,2.63153101143401e-26,0.196143915974595,0.353790714910418,0.980724867596266,0.954363887483433,NA,0.961350325988965,0.867117932169303,0.480814639554494,0.938822050095852,6.19702464569848e-26,NA
"poxtA",0.726781673397366,0.98674012908337,0.816431631538888,0.824341337207081,0.0320544794115605,0.205885353956266,0.982556434259624,0.450576574844128,0.999055777951197,0.695770156326838,3.58204509629638e-44,0.745203314164855,0.902014239353817,NA,NA,NA,0.00506720918780848,0.585071331092467,4.77606012839518e-44,0.109312393213834,0.292845780201883,0.673601810008616,0.421642007158166,NA,0.961350325988965,0.954881282624094,0.451028458879429,0.975025397141533,0.833748432996102,NA
"mtrD",0.418465396126511,0.372165863689509,0.816431631538888,0.824341337207081,0.461466407801135,0.426246090577985,1.81964499572579e-12,0.912476224530655,0.999055777951197,0.930498085513716,0.963009541957157,0.665415747523118,0.0679988209851255,NA,NA,NA,0.495467714762582,2.12558221720924e-12,1.57151158721773e-12,0.196143915974595,3.93508449557955e-12,0.996443282411301,8.6433137296975e-12,NA,0.961350325988965,0.969283993345104,0.969570789737168,0.975025397141533,0.923390787295977,NA
"tet(32)",0.351679058452291,0.98674012908337,0.927201456243012,0.743838429130942,0.491089804708447,0.426246090577985,0.836792024787291,0.199569717242233,0.0837057016892611,0.64930852838266,2.25458437314901e-51,0.698136180040961,0.80561369376256,NA,NA,NA,0.494538423494763,0.787499269493699,0.492476826720333,0.765572650058242,0.259503230175584,0.980724867596266,0.790755238812297,NA,0.961350325988965,0.954881282624094,0.736941501400717,0.959435094663388,0.00303110932278165,NA
"CfxA3",0.611480539880146,0.430172239309223,0.916806695944248,0.824341337207081,0.880672412994988,0.939481411766698,1.82253236786063e-16,0.999055777951197,0.999055777951197,0.930498085513716,0.187486716149538,0.417672264481813,0.367595731094821,NA,NA,NA,0.775878034576755,1.95488408616671e-16,1.41246258509199e-16,0.210626376150425,0.902814264497539,0.827550609384651,0.912341654359765,NA,0.464051714798044,0.954881282624094,0.671964512174758,0.955712133123202,0.684932346261787,NA
"BlaB-38",0.450466905482208,0.98674012908337,0.816431631538888,0.158833376147705,0.0469346427932751,0.205885353956266,0.38175201310832,0.483375297921498,0.999055777951197,0.64930852838266,0.553957070077588,0.745203314164855,0.527886553259474,NA,NA,NA,0.0686532445284513,0.959108102443326,0.619939264773122,0.918949818645311,0.851268576803035,0.585292981159514,0.335177464488198,NA,0.961350325988965,0.229532223498518,0.192939261606319,0.975025397141533,0.92348142732166,NA
"vanS gene in vanA cluster",0.272646790803108,0.98674012908337,0.452763514273556,0.824341337207081,0.00272438099784397,0.00709384558918157,0.258828655840667,0.98824997698645,0.999055777951197,0.876423584681915,0.987910894528624,0.417672264481813,0.746631756698931,NA,NA,NA,0.0408386257608098,0.00076371839119439,0.000243303845073637,0.86855807512802,0.921350690118505,0.980724867596266,0.98477641231606,NA,0.464051714798044,0.867117932169303,0.192939261606319,0.919893003164041,0.245650149663921,NA
"baeS",0.232848937805242,0.98674012908337,0.970086303451349,0.824341337207081,0.600388272956294,0.0682730836341691,0.995789822511097,0.199569717242233,0.739230983335448,0.905610097621743,1.61363311963589e-24,0.772375971695423,0.525470632591185,NA,NA,NA,0.983866703220703,0.92453792013311,0.964017311697482,0.964108096704372,0.741694987526841,0.980724867596266,0.954363887483433,NA,0.961350325988965,0.991946192923873,0.615072864382181,0.979004856067782,2.52698321083844e-24,NA
"H-NS",0.00111426476744474,1.14070724958536e-19,0.816431631538888,0.824341337207081,0.880672412994988,0.582703833503634,2.85176812396341e-20,0.199569717242233,0.999055777951197,0.975582343676058,2.4014889464955e-20,0.619927836641565,0.307668324172744,NA,NA,NA,0.530522876022043,2.60604251883666e-20,1.86790818041476e-20,0.0975266946528136,0.0120385992743357,0.980724867596266,0.912341654359765,NA,9.19989508230051e-20,0.954881282624094,0.40191066451391,0.955712133123202,2.73271134000354e-20,NA
"SHV-43",0.203419969787911,0.98674012908337,0.00135266161867987,0.684143529593315,0.0320544794115605,0.158323862004008,1.28764825067875e-12,0.8565274461204,3.08368204708846e-12,0.975582343676058,1.08279511988895e-12,0.669710521570432,0.58065699268645,NA,NA,NA,0.252229157321237,1.51104633513557e-12,1.10797640174683e-12,0.286349552474505,2.87789375842112e-12,0.980724867596266,0.912341654359765,NA,0.490658209396804,0.954881282624094,0.543355047127545,0.955712133123202,0.923390787295977,NA
"cpxA",0.164483279939933,0.98674012908337,0.868040467862008,0.824341337207081,0.697813046435348,0.426246090577985,0.967151009896668,0.67008427610727,0.949574797344158,0.64930852838266,0.963837814944572,0.745616345419912,0.731851326936558,NA,NA,NA,0.846638099452021,0.601383950637295,0.831600104055745,0.973907720324201,0.921717813397588,0.93375200992561,0.954363887483433,NA,0.330635499820927,0.954881282624094,0.772545238284085,0.693405024563584,0.833748432996102,NA
"fexA",0.665327370550985,0.98674012908337,0.816431631538888,0.824341337207081,0.944827962037914,0.808594772811314,0.967151009896668,0.98824997698645,0.999055777951197,0.702705313282987,0.696712632063828,0.772375971695423,0.58065699268645,NA,NA,NA,0.43834975565625,0.603320258112632,0.748104626798453,0.692333170055303,0.611084755695061,0.980724867596266,0.954363887483433,NA,0.961350325988965,0.969283993345104,0.884637575628134,0.731680725216003,0.778339618083805,NA
"TaeA",0.55626825549914,5.83483298828663e-14,0.816431631538888,0.377512980684559,0.0637997219519239,0.426246090577985,1.94494432942888e-14,0.401596530176848,0.482577765338288,0.64930852838266,1.64572212490136e-14,0.738599968123823,0.601811474617376,NA,NA,NA,0.0162006936796502,0.959108102443326,0.880863682550832,0.962789369081556,4.37427290395737e-14,4.4787815651132e-14,0.954363887483433,NA,0.961350325988965,0.960900513666924,0.615072864382181,0.979004856067782,2.26484056749447e-14,NA
"emrR",0.000186921705351303,5.11300419339247e-22,0.362694407419231,0.678108540294143,0.199507215658176,0.112780830824324,9.29637126071358e-23,0.203227729435626,1.70073718104826e-09,0.905610097621743,6.01529905104997e-23,0.745203314164855,0.245635330504456,NA,NA,NA,0.930417701819029,8.67072473951884e-23,5.38210967725523e-23,0.145971186814008,0.0151197886661764,0.980724867596266,0.954363887483433,NA,0.961350325988965,0.900854880128274,0.543355047127545,0.731680725216003,9.12802437476083e-23,NA
"Bifidobacterium bifidum ileS conferring resistance to mupirocin",0.899416428828479,5.24805244987695e-19,0.816431631538888,0.824341337207081,0.541772035501605,0.208964900893975,1.24953629758975e-19,0.999055777951197,0.999055777951197,0.695770156326838,1.14088096736451e-19,0.977764174959653,0.0679988209851255,NA,NA,NA,0.731683089828696,0.321273004666953,0.000366044411961869,0.50629969704204,0.636363444767228,0.980724867596266,2.62402622493838e-18,NA,0.961350325988965,0.969283993345104,0.854089793491118,0.61137660818952,0.771637881942698,NA
"nimJ",0.0393876955242689,0.98674012908337,0.816431631538888,0.511689268246227,7.27089172831853e-06,0.00112249518100106,0.591083125732818,0.404344206079012,0.372923787396848,0.61574261821163,8.40574184962427e-29,0.417672264481813,0.71525884868407,NA,NA,NA,0.0557893199899188,0.475919614769783,1.05071773120303e-28,0.133298527228244,0.397679419140082,0.980724867596266,0.954363887483433,NA,0.961350325988965,0.954881282624094,0.451028458879429,0.975025397141533,0.261433897355987,NA
"eptA",0.362431313475274,0.98674012908337,0.816431631538888,0.824341337207081,0.880672412994988,0.690819224612175,1.13072373716482e-21,2.60427404867702e-21,3.12512885841242e-21,0.975582343676058,0.963009541957157,0.738599968123823,0.956113515226484,NA,NA,NA,0.772138953013442,0.959108102443326,0.955117051249578,0.942655852601372,4.32545513682732e-21,0.980724867596266,0.954363887483433,NA,3.80546993023216e-21,0.954881282624094,0.969570789737168,0.955712133123202,1.11611744943301e-21,NA
"kdpE",0.170223735205338,8.80207030146624e-21,0.927201456243012,0.684143529593315,0.989887795188062,0.796662876191153,0.97588975200058,0.199569717242233,3.83748779703594e-12,0.905610097621743,0.987910894528624,0.665415747523118,0.20304473627548,NA,NA,NA,0.772138953013442,0.743108201406651,0.922030344591645,0.611545232237247,0.957974456394373,0.980724867596266,0.954363887483433,NA,0.961350325988965,0.954881282624094,0.451028458879429,0.795691642407807,1.86833514520024e-21,NA
"Escherichia coli mdfA",0.049120661378037,0.98674012908337,0.816431631538888,0.696451781894753,0.880672412994988,0.808594772811314,0.907247861510727,0.274419500642404,0.739230983335448,0.702705313282987,0.987910894528624,0.749085151012871,0.525470632591185,NA,NA,NA,0.772138953013442,2.04497054093348e-26,8.89174001794438e-27,0.349376711964807,0.367867145711914,0.980724867596266,0.98477641231606,NA,7.67228036295372e-26,0.960900513666924,0.543355047127545,0.955162477201901,2.12661910733462e-26,NA
"rsmA",0.0129570908361556,0.98674012908337,0.816431631538888,0.881363381023797,0.976764763636042,0.720856133436053,5.71472654628116e-19,0.199569717242233,7.28650834473587e-15,0.975582343676058,5.29141346877885e-19,0.665415747523118,0.273285019361183,NA,NA,NA,0.494538423494763,6.21249304293629e-19,4.46463011428216e-19,0.0236293723527345,0.209071722109587,0.980724867596266,0.912341654359765,NA,0.961350325988965,0.867117932169303,0.451028458879429,0.693405024563584,6.489516786155e-19,NA
"vanH gene in vanA cluster",0.0445341569716662,0.98674012908337,0.816431631538888,0.684143529593315,0.0254296026560187,0.0682730836341691,0.258828655840667,1.40655070581211e-26,2.81310141162421e-26,0.876423584681915,0.930567067866119,0.909604143544164,0.355827493204808,NA,NA,NA,0.0196855632830524,0.00076371839119439,0.000236940078682993,0.765572650058242,0.961399816224008,0.980724867596266,0.954363887483433,NA,0.464051714798044,0.954881282624094,0.521820155069569,0.966041676584125,0.684932346261787,NA
"farB",0.899416428828479,0.98674012908337,0.0568164029982442,0.824341337207081,0.000351265714763211,0.00709384558918157,0.985951893544436,0.966591855296541,3.14381199506124e-16,0.876423584681915,8.95103105936966e-17,0.803926424874298,0.525470632591185,NA,NA,NA,0.0507234309899578,1.09071267030276e-16,7.80346297483509e-17,0.916280228297593,0.961399816224008,0.980724867596266,0.954363887483433,NA,0.961350325988965,1.37706860848309e-15,2.07019832998303e-15,0.955712133123202,0.969121227816646,NA
"tet(M)",0.232848937805242,0.98674012908337,0.816431631538888,0.760317662428305,0.0418912126482399,0.0136527397827564,0.967151009896668,0.0865616642143257,0.594532072411646,0.64930852838266,0.896699703360569,0.619927836641565,0.272486432373409,NA,NA,NA,0.397505919150024,0.194207308842106,0.363104263039657,0.851832345651916,0.878061630725143,0.125881482123006,0.954363887483433,NA,0.961350325988965,0.954881282624094,0.513324847463482,0.590959598138836,0.816588412693182,NA
"TolC",0.557526558079819,0.98674012908337,0.868040467862008,0.824341337207081,0.976764763636042,0.450204112983806,0.820774138703444,0.274419500642404,0.999055777951197,0.825708562073029,0.987910894528624,0.930189341621582,0.525470632591185,NA,NA,NA,0.976945578420378,1.09122618241181e-25,5.98511753870608e-26,0.964108096704372,0.64547946498226,0.563572946985315,0.954363887483433,NA,0.961350325988965,0.0179515748720955,0.909734337267162,0.670240012368475,0.923390787295977,NA
"Escherichia coli acrA",0.0422053115809314,0.98674012908337,0.816431631538888,0.824341337207081,0.880672412994988,0.731336652037363,0.982556434259624,0.204674134601192,6.3901581687855e-09,0.723623493157029,0.568978217400226,0.665415747523118,0.272486432373409,NA,NA,NA,0.731683089828696,0.357837546015075,0.570970995994621,0.0080414122666556,0.716900587430733,0.996443282411301,0.392913643118895,NA,0.961350325988965,0.954881282624094,0.556012992076778,0.670240012368475,0.969121227816646,NA
"PDC-402",0.0537815558833573,0.98674012908337,0.816431631538888,0.197071669127739,0.880672412994988,0.86191817161324,1.50226805307218e-19,3.69973372605557e-19,0.999055777951197,0.64930852838266,1.32199588670352e-19,0.745203314164855,0.927674087883864,NA,NA,NA,0.00978798654518424,1.57539162410322e-19,1.13965162646855e-19,0.230445250745224,0.418559106360563,0.980724867596266,0.912341654359765,NA,0.961350325988965,0.874772278469067,0.816980815565546,0.639222536914097,0.727928444138151,NA
"tet(W)",0.000186921705351303,0.98674012908337,0.816431631538888,0.832654814329605,0.00643475668949605,0.0164928542747099,0.967151009896668,0.152675954467493,0.683059504877099,0.725325597745652,0.896699703360569,0.619927836641565,0.642750639812861,NA,NA,NA,0.530522876022043,0.390760948608532,0.566434014306446,0.0619707641707878,0.961399816224008,0.144033789191714,0.912341654359765,NA,0.961350325988965,0.954881282624094,0.513324847463482,0.959435094663388,0.89461541159086,NA
"vanX gene in vanD cluster",0.457949230270078,8.73589910607925e-15,0.970086303451349,0.989429917069151,0.333832886395847,0.0450134497009692,0.967151009896668,0.21717794362817,0.999055777951197,0.975582343676058,2.12494843120847e-15,0.976828958681951,0.642750639812861,NA,NA,NA,0.141544328695033,2.63928937063469e-15,1.91763638913935e-15,0.362679862909966,6.20722644692113e-15,0.980724867596266,0.989125602743776,NA,0.961350325988965,0.969283993345104,0.589981523273807,0.955712133123202,2.88349144015571e-15,NA
"Streptomyces rimosus otr(A)",0.481460947397832,0.98674012908337,0.816431631538888,0.824341337207081,0.0718545239075983,0.270218960146913,0.978822331275596,3.00693703399856e-13,0.999055777951197,0.64930852838266,1.05253944578331e-13,0.669710521570432,0.58065699268645,NA,NA,NA,0.138326584715606,0.242343692050568,0.435046547827662,0.692333170055303,0.961399816224008,0.980724867596266,0.954363887483433,NA,0.961350325988965,1.03902018696952e-12,1.74297390513857e-12,0.0999985011928249,1.45496953257995e-13,NA
"APH(3'')-Ib",0.458966907112063,0.98674012908337,0.838069070813537,0.684143529593315,0.686467156937853,0.794869869621115,0.967151009896668,0.21717794362817,0.999055777951197,0.64930852838266,2.27811278186937e-16,0.976828958681951,0.791080739918235,NA,NA,NA,0.74403299531683,0.959108102443326,0.891746507524563,0.973907720324201,7.0051916547461e-16,0.980724867596266,0.954363887483433,NA,1.20482351927077e-15,0.408406154627398,0.67208060748994,0.919893003164041,3.13185566172318e-16,NA
"oleB",0.665930531555392,0.98674012908337,0.33566116269707,0.953626167931788,0.0957377982991875,0.205885353956266,8.80004678928879e-14,0.981329555791635,5.15581351010172e-17,0.905610097621743,7.48003977089547e-14,0.698136180040961,0.791080739918235,NA,NA,NA,0.772138953013442,0.574577350806504,0.464066717685563,0.964108096704372,0.851268576803035,0.980724867596266,5.98403181671638e-13,NA,0.961350325988965,0.954881282624094,0.237237074589408,0.731680725216003,0.936765736308481,NA
"tetB(46)",0.441222323738387,0.98674012908337,0.310779956251269,0.201443140841109,0.020749483401305,0.0212450557739536,0.995789822511097,0.29400448162849,0.999055777951197,0.975582343676058,6.99427298381548e-47,0.698136180040961,0.525470632591185,NA,NA,NA,0.913759026430998,0.00999824942199944,0.00245586362418533,0.86855807512802,0.798290933205991,0.9736008901431,0.954363887483433,NA,0.961350325988965,0.811483175156192,0.301176154006026,0.975025397141533,0.391931367870685,NA
"mdtG",0.0621694117994057,0.98674012908337,0.816431631538888,0.743838429130942,0.346590448797758,0.151186904016154,0.836792024787291,0.274419500642404,0.999055777951197,0.975582343676058,0.963009541957157,0.976828958681951,0.245635330504456,NA,NA,NA,0.530522876022043,0.959108102443326,0.991113678323624,0.484254527501054,0.716900587430733,0.980724867596266,0.501820241509712,NA,0.961350325988965,0.954881282624094,0.969570789737168,0.965616271023075,0.969121227816646,NA
"vanR gene in vanE cluster",0.232848937805242,0.98674012908337,0.838069070813537,0.336451032147411,0.804616417354556,0.426246090577985,8.08816881723888e-12,2.0511638991952e-11,1.71700942837773e-11,0.975582343676058,0.0916654888601152,0.109292814992055,0.919564703745336,NA,NA,NA,2.17011947616875e-10,9.66307824435114e-12,7.18948339310123e-12,0.84799871633032,1.65395330154592e-11,0.5394796324853,0.954363887483433,NA,3.81295066599467e-11,5.1605968171817e-11,9.11034733707311e-11,0.0021254608709758,9.94503708700701e-12,NA
"mdtC",0.387141350304266,0.98674012908337,0.927201456243012,0.824341337207081,0.922312945782399,0.763799612535715,0.401831050174825,0.536011092787626,0.999055777951197,0.975582343676058,0.987910894528624,0.738599968123823,0.994010702369772,NA,NA,NA,0.747580182238661,0.412976104095165,0.66124428320032,0.340566842584447,0.003590155202884,0.980724867596266,0.954841260564333,NA,0.961350325988965,0.954881282624094,0.671964512174758,0.975025397141533,0.945421011379302,NA
"tet(40)",0.298082014975391,0.98674012908337,0.816431631538888,0.684143529593315,0.86425615408629,0.839652317790268,0.43952958780638,0.308167886171522,0.999055777951197,0.64930852838266,0.963009541957157,0.99664511024325,0.956113515226484,NA,NA,NA,0.854815740693966,0.557530815474286,9.78234573698845e-59,0.197808421499878,0.961399816224008,0.980724867596266,0.954363887483433,NA,0.961350325988965,0.325761665611611,0.451028458879429,0.975025397141533,0.969121227816646,NA
"mefH",0.0234729223539583,0.98674012908337,0.816431631538888,0.197071669127739,0.00643475668949605,0.00561857538063123,0.910978091176798,0.589013226118592,0.553760087608143,0.64930852838266,6.7163700651647e-33,0.665415747523118,0.245635330504456,NA,NA,NA,0.233813485897045,0.0109349259366488,0.0731855361915662,0.908989793727023,0.317826265564204,0.980724867596266,0.355488114054208,NA,0.961350325988965,0.408406154627398,0.174429948495722,0.979004856067782,0.180778064046994,NA
"mdtO",0.297970170052663,0.98674012908337,0.868040467862008,0.953626167931788,0.880672412994988,0.85869102778035,0.982556434259624,0.391184289980352,0.999055777951197,0.975582343676058,0.987910894528624,0.976828958681951,0.71525884868407,NA,NA,NA,0.740612855301355,0.959108102443326,0.935090978729703,0.67297004503785,0.885165659049075,0.980724867596266,0.0629767954119547,NA,0.961350325988965,0.954881282624094,0.610001389690813,0.731680725216003,1.4537253928719e-27,NA
"APH(6)-Ic",0.0984198581761809,0.98674012908337,0.816431631538888,0.0576332145433862,8.70933800981819e-05,0.00118676023184535,1.04093873515795e-20,0.912476224530655,0.372923787396848,0.695770156326838,8.09619016233964e-21,0.772375971695423,0.994010702369772,NA,NA,NA,0.000756178387162902,0.959108102443326,0.967561855496502,0.0199263986372895,3.1283594232217e-20,0.980724867596266,0.773028432779733,NA,0.961350325988965,0.533086186592047,1.5916008942041e-07,0.966041676584125,0.969121227816646,NA
"AcrS",0.162008267136163,0.98674012908337,0.816431631538888,0.824341337207081,0.0364608959479049,0.0140763426132845,9.91618310649157e-18,0.199569717242233,0.999055777951197,0.695770156326838,8.36677949610226e-18,0.619927836641565,0.405966876345971,NA,NA,NA,0.846638099452021,0.979372968643764,7.43713732986868e-18,0.462554593560776,0.973466023821007,2.34362908632241e-17,0.954363887483433,NA,0.961350325988965,0.482194374103086,0.76795840323183,0.731680725216003,0.969121227816646,NA
"tetB(60)",0.934844314673728,0.98674012908337,0.816431631538888,0.953626167931788,0.880672412994988,0.743548844625325,0.728304856202565,2.66024952194258e-16,0.999055777951197,0.61574261821163,9.56693892572859e-17,0.665415747523118,0.000777971721999904,NA,NA,NA,0.397505919150024,0.585071331092467,0.468518039566531,0.769587464239037,0.269297522093158,0.980724867596266,8.37107156001251e-16,NA,0.961350325988965,0.954881282624094,0.658348646803765,0.798155399685865,0.969121227816646,NA
"chrB",0.183319271725601,0.98674012908337,0.838069070813537,0.164250416794286,0.274066484828101,0.582731526368874,0.719471133428035,9.96545194342504e-29,0.999055777951197,0.695770156326838,0.963009541957157,0.977764174959653,0.767365045289273,NA,NA,NA,0.772138953013442,0.743108201406651,0.893768461350565,0.962789369081556,0.418559106360563,0.980724867596266,0.954363887483433,NA,0.961350325988965,0.954881282624094,0.451028458879429,0.975025397141533,0.969121227816646,NA
"tet(O)",0.000186921705351303,0.98674012908337,0.816431631538888,0.824341337207081,1.37095356423716e-05,0.00150725492812489,0.215313170638513,0.189048362004587,0.999055777951197,0.61574261821163,0.568978217400226,0.665415747523118,0.245635330504456,NA,NA,NA,0.141544328695033,0.52805063967739,0.449975752762382,0.0172596754961365,0.902814264497539,0.980724867596266,0.349342903742159,NA,0.464051714798044,0.954881282624094,0.451028458879429,0.919893003164041,0.771637881942698,NA
"emrB",0.0362986457283255,0.98674012908337,0.816431631538888,0.824341337207081,0.880672412994988,0.323482349381459,6.3510653188249e-22,0.201760602307763,0.999055777951197,0.91333643609495,0.987910894528624,0.738599968123823,0.245635330504456,NA,NA,NA,0.397505919150024,5.95862537231222e-22,3.81063919129494e-22,0.194434839214946,0.269297522093158,0.996443282411301,0.954363887483433,NA,0.975575586237399,0.954881282624094,0.671964512174758,0.979004856067782,0.969121227816646,NA
"adeA",0.110801132758257,1.27450650145703e-09,0.816431631538888,0.824341337207081,0.686467156937853,0.432573937234837,4.85526286269346e-10,1.029549713587e-09,8.95260620510444e-10,0.723623493157029,4.16165388230868e-10,0.803926424874298,0.525470632591185,NA,NA,NA,0.930417701819029,0.829089418006234,0.781494100836884,0.907057306486574,0.921717813397588,0.980724867596266,1.85382763848296e-09,NA,0.961350325988965,0.954881282624094,4.54752008219181e-09,0.0999985011928249,0.969121227816646,NA
"lmrD",0.360479123647429,0.98674012908337,0.916806695944248,0.222979195643275,0.880672412994988,0.743548844625325,0.271474181199718,0.199569717242233,0.999055777951197,0.61574261821163,1.24953660181041e-33,0.813412972732542,0.967119214471395,NA,NA,NA,0.0557893199899188,0.3087430415413,0.559811474884963,0.15062221393961,0.868468269002082,0.869068511697184,0.783896990671553,NA,0.961350325988965,0.954881282624094,0.874551060914952,0.693405024563584,0.920457728706692,NA
"vanX gene in vanA cluster",0.279101617902408,8.96082304260279e-23,0.816431631538888,0.942082027278167,0.0293256860924628,0.125160204178425,0.656671142244365,1.93400224619358e-23,3.2233370769893e-23,0.695770156326838,5.97388202840186e-24,0.698136180040961,0.525470632591185,NA,NA,NA,0.245679975870012,0.00100365187723856,0.000283907045510272,0.973907720324201,0.269297522093158,0.980724867596266,0.954363887483433,NA,0.445801064180747,0.954881282624094,0.451028458879429,0.664664985013995,0.771637881942698,NA
"oqxB",0.344777403761111,5.49185746846576e-19,0.447463674088902,0.824341337207081,0.0826341459613861,0.0475319532812424,0.820774138703444,3.69973372605557e-19,0.999055777951197,0.61574261821163,1.32199588670352e-19,0.745203314164855,0.0334582924912981,NA,NA,NA,0.775878034576755,0.671426624683438,1.13965162646855e-19,0.604196031431407,0.611084755695061,0.980724867596266,0.912341654359765,NA,0.961350325988965,0.954881282624094,0.246074692859352,0.0999985011928249,0.923390787295977,NA
"vanI",0.0234729223539583,0.98674012908337,0.816431631538888,0.824341337207081,0.0201995774557866,0.0166842166740729,0.967151009896668,0.501451184649851,0.662163132191146,0.64930852838266,1.1721819039452e-39,0.935549948974396,0.688678282792641,NA,NA,NA,0.107041578685203,0.341714667827468,0.571648009090162,0.973907720324201,0.209071722109587,0.516641272461915,0.912341654359765,NA,0.961350325988965,0.867117932169303,0.0973386765476499,0.975025397141533,0.923390787295977,NA
"BlaB-16",0.0609637838314086,0.98674012908337,0.816431631538888,0.684143529593315,0.0722886955681782,0.322523802331908,0.967151009896668,0.999055777951197,0.177615407569451,0.876423584681915,0.53242185041296,0.976828958681951,0.967119214471395,NA,NA,NA,0.141544328695033,0.477851358553805,0.724357009923889,0.964108096704372,0.034433589917425,0.996443282411301,0.954363887483433,NA,0.961350325988965,0.954881282624094,0.67208060748994,0.605739664961225,0.70658206864238,NA
"Escherichia coli UhpT with mutation conferring resistance to fosfomycin",0.0127794507640753,4.51433824515816e-10,0.816431631538888,0.684143529593315,0.880672412994988,0.925391823328144,1.54148135200523e-10,3.54965854719135e-10,0.999055777951197,0.876423584681915,1.34469649855777e-10,0.665415747523118,0.746631756698931,NA,NA,NA,0.405895949172381,1.78592951275245e-10,1.34469649855775e-10,0.286349552474505,0.137719759216841,0.980724867596266,6.3200735432215e-10,NA,0.961350325988965,0.826813128755507,0.322831401721266,0.955712133123202,1.82553868141269e-10,NA
"tet(W/32/O)",0.707212401850087,0.98674012908337,0.816431631538888,0.197071669127739,0.880672412994988,0.808594772811314,1.41299921223854e-17,3.73060769764624e-17,0.999055777951197,0.725325597745652,1.19890842250543e-17,0.698136180040961,0.261681874879187,NA,NA,NA,0.945570087959884,0.959108102443326,1.06929670115349e-17,0.602303261717106,4.08052420115093e-17,0.980724867596266,0.912341654359765,NA,0.961350325988965,0.533086186592047,0.017187018253183,0.979004856067782,1.64146738696435e-17,NA
"AcrF",0.313932529007678,0.98674012908337,0.9319926518654,0.824341337207081,0.541772035501605,0.475180492378815,0.967151009896668,0.67008427610727,0.949574797344158,0.876423584681915,0.803742532108811,0.745203314164855,0.731851326936558,NA,NA,NA,0.141544328695033,0.743108201406651,0.935090978729703,0.189423478958433,0.988094554036758,0.980724867596266,0.421642007158166,NA,0.961350325988965,0.908827155577959,0.520263853639123,0.731680725216003,1.1080704322577e-32,NA
"acrD",0.0422053115809314,0.98674012908337,0.816431631538888,0.824341337207081,0.697813046435348,0.475180492378815,0.701832438666168,0.999055777951197,1.77165343703536e-08,0.905610097621743,0.963009541957157,0.619927836641565,0.519843891600327,NA,NA,NA,0.744526690150064,0.959108102443326,0.891746507524563,0.48776830294108,0.259503230175584,0.996443282411301,0.954363887483433,NA,0.957166568239395,0.769011077522674,0.556012992076778,0.975025397141533,0.923390787295977,NA
"CRP",0.067265108541376,0.98674012908337,0.174187610085971,0.953626167931788,0.664564168675128,0.127378056183298,1.10193258323838e-31,0.483375297921498,0.999055777951197,0.64930852838266,0.844761512088884,0.619927836641565,0.0404893094179376,NA,NA,NA,0.95152415817511,0.959108102443326,0.781494100836884,0.106992062778223,0.348981549002766,0.980724867596266,0.790755238812297,NA,0.964979115973232,0.954881282624094,0.983921861883165,0.979004856067782,1.70894883351153e-31,NA
"gadX",0.0621694117994057,0.98674012908337,0.838069070813537,0.852608234277125,0.804616417354556,0.476904092907321,0.995789822511097,0.199569717242233,0.999055777951197,0.972858605231061,5.29004772854482e-18,0.0366282680631432,0.282189851250698,NA,NA,NA,0.779757087965567,0.959108102443326,0.887381881292885,0.50629969704204,0.961399816224008,1.57739504145149e-17,0.0123681242281415,NA,0.96891562129557,0.908827155577959,0.513324847463482,0.693405024563584,7.10038580280734e-18,NA
"Escherichia coli EF-Tu mutants conferring resistance to Pulvomycin",0.0134942090226774,0.98674012908337,0.816431631538888,0.683511212285506,0.199507215658176,0.297349775577801,0.967151009896668,0.209872010167105,1.40482795617832e-08,0.695770156326838,0.987910894528624,0.738599968123823,0.282189851250698,NA,NA,NA,0.775878034576755,2.04497054093348e-26,9.68245919457117e-27,0.408262558797498,0.259503230175584,0.893033398023967,0.954363887483433,NA,0.961350325988965,0.954881282624094,0.884637575628134,0.57033807041265,0.969121227816646,NA
"mdtN",0.328160427656428,0.98674012908337,0.927201456243012,0.97998429090282,0.976764763636042,0.744589009936667,0.967151009896668,0.201760602307763,0.662163132191146,0.975582343676058,0.963009541957157,0.665415747523118,0.525470632591185,NA,NA,NA,0.95152415817511,0.743108201406651,0.570168869140103,0.973907720324201,0.878061630725143,2.14028070910266e-21,0.954363887483433,NA,0.961350325988965,0.7649826216297,0.722494941480874,0.693405024563584,9.32280862864919e-22,NA
"vanA",0.0787967791546434,0.98674012908337,0.816431631538888,0.953626167931788,0.102400971822041,0.48674070080311,0.263542714332557,2.16525971994597e-29,0.949574797344158,0.876423584681915,4.22134960899836e-30,0.619927836641565,0.731851326936558,NA,NA,NA,0.109296213113293,0.000996796817871246,0.000342253479979471,0.765572650058242,0.716900587430733,0.980724867596266,0.989125602743776,NA,0.0602409924884403,0.954881282624094,0.192939261606319,0.975025397141533,0.684932346261787,NA
"Bifidobacterium adolescentis rpoB mutants conferring resistance to rifampicin",0.229556135804699,0.98674012908337,0.816431631538888,0.953626167931788,0.541772035501605,0.426246090577985,2.32809371991875e-39,6.00604157260356e-39,0.999055777951197,0.61574261821163,0.963009541957157,0.803926424874298,0.245635330504456,NA,NA,NA,0.800911250262464,0.0730303248559628,0.17708664261875,0.162870250772559,0.958856089240612,0.26269295691376,0.989125602743776,NA,0.238153145357519,0.960900513666924,0.192939261606319,0.0999985011928249,6.00604157260356e-39,NA
"AcrE",0.344777403761111,0.98674012908337,0.816431631538888,0.824341337207081,0.89948149812687,0.808594772811314,2.85176812396341e-20,0.199569717242233,0.999055777951197,0.876423584681915,0.963009541957157,0.930189341621582,0.431412690423773,NA,NA,NA,0.530522876022043,2.60604251883666e-20,1.86790818041476e-20,0.0080414122666556,6.72324482764148e-20,6.07914882333831e-20,0.954363887483433,NA,0.964979115973232,0.193078423459214,0.589981523273807,0.35879305449394,0.969121227816646,NA
"YojI",0.259027895715717,0.98674012908337,0.816431631538888,0.824341337207081,0.664564168675128,0.426246090577985,3.32520615580628e-23,0.204674134601192,0.999055777951197,0.975582343676058,0.696712632063828,0.835339615345674,0.601811474617376,NA,NA,NA,0.941874235547823,2.78082063492602e-23,1.66260307790314e-23,0.300333140074043,0.739634040986102,9.26940211642006e-23,0.912341654359765,NA,1.10865584743314e-22,0.969283993345104,0.451028458879429,0.966041676584125,3.21749235804334e-23,NA
"evgA",0.0649193986131477,5.83483298828663e-14,0.157626122582143,0.824341337207081,0.804616417354556,0.347246303075663,1.94494432942888e-14,0.199569717242233,0.999055777951197,0.876423584681915,1.64572212490136e-14,0.698136180040961,0.525470632591185,NA,NA,NA,0.275988037215536,2.05123415655132e-14,1.49980067372652e-14,0.210626376150425,4.37427290395737e-14,4.4787815651132e-14,0.866600668083508,NA,0.794477111229536,0.954881282624094,0.543355047127545,0.955712133123202,0.969121227816646,NA
"vanS gene in vanD cluster",0.726781673397366,0.98674012908337,0.816431631538888,0.824341337207081,0.377683490606288,0.25153749377094,0.967151009896668,0.199569717242233,1.18714037840777e-12,0.975582343676058,2.1439580897868e-18,0.744375951863745,0.927674087883864,NA,NA,NA,0.0107355343520359,2.48658359152919e-18,1.82867013540639e-18,0.484254527501054,0.641418736852787,0.980724867596266,2.07249282012724e-17,NA,0.961350325988965,0.874772278469067,0.451028458879429,0.708053774925197,0.684932346261787,NA
"vanR gene in vanD cluster",0.16652305812934,0.98674012908337,0.816431631538888,0.891569702897989,0.688307223387597,0.319470141811526,0.967151009896668,0.613998993512176,0.999055777951197,0.975582343676058,0.887665964239791,0.665415747523118,0.927674087883864,NA,NA,NA,0.0196855632830524,0.55129123710919,3.64011631795786e-27,0.815132039754304,0.862395871272749,0.515043716801547,0.954363887483433,NA,0.961350325988965,0.193078423459214,0.12291311433458,0.456093110032305,0.969121227816646,NA
"SAT-4",0.899416428828479,0.98674012908337,0.816431631538888,0.684143529593315,0.755696018119298,0.356976889394416,0.33038313871746,0.751345937829066,0.00436252676942369,0.975582343676058,0.745169998252418,0.738599968123823,0.525470632591185,NA,NA,NA,0.409119332913799,0.00403914520275129,0.00173149675767061,0.758298443135395,0.961399816224008,0.980724867596266,0.349342903742159,NA,0.794477111229536,0.954881282624094,0.940034299350858,0.887473901137104,0.969121227816646,NA
"ErmB",1.64533054795882e-05,0.98674012908337,0.970086303451349,0.824341337207081,0.0461477353751078,0.00561857538063123,0.472804843127852,0.231048268707328,3.68235127012596e-15,0.64930852838266,0.896699703360569,0.665415747523118,0.245635330504456,NA,NA,NA,0.495467714762582,0.137419222384977,0.124353325349987,0.0619707641707878,0.918049052271773,0.980724867596266,0.790755238812297,NA,0.901817732193059,0.826813128755507,0.931559139466786,0.979004856067782,0.969121227816646,NA
"baeR",0.0445341569716662,0.98674012908337,0.816431631538888,0.953626167931788,0.880672412994988,0.475180492378815,1.76836091276898e-27,0.274419500642404,0.739230983335448,0.61574261821163,8.03800414894992e-28,0.803926424874298,0.272486432373409,NA,NA,NA,0.670421618949649,0.694384752511435,8.84180456384491e-28,0.344304444222666,0.348981549002766,0.980724867596266,0.954363887483433,NA,0.961350325988965,0.867117932169303,0.192939261606319,0.979004856067782,1.97102799144602e-27,NA
"mdtF",0.297970170052663,0.98674012908337,0.816431631538888,0.824341337207081,0.706509415964498,0.270218960146913,0.982556434259624,0.439096847490069,0.782970727390299,0.876423584681915,0.963009541957157,0.977764174959653,0.731851326936558,NA,NA,NA,0.930417701819029,0.979372968643764,0.887381881292885,0.851832345651916,0.961399816224008,8.01563405935718e-28,0.501820241509712,NA,0.961350325988965,0.769011077522674,0.755676749513168,0.979004856067782,0.245650149663921,NA
"tet(W/N/W)",0.436968309910434,0.98674012908337,0.867929335054059,0.824341337207081,0.804616417354556,0.939481411766698,1.189213809725e-13,3.00693703399856e-13,3.26701587398937e-13,0.64930852838266,1.01518252049695e-13,0.665415747523118,0.245635330504456,NA,NA,NA,0.775878034576755,0.959108102443326,0.853787746386158,0.359671518412445,0.798290933205991,2.71873900876139e-13,6.93708055672914e-13,NA,0.961350325988965,1.03902018696952e-12,0.174429948495722,0.979004856067782,1.41570687872873e-13,NA
"acrB",0.229556135804699,0.98674012908337,0.927201456243012,0.684143529593315,0.780363739541075,0.796662876191153,0.967151009896668,0.0098459815443709,0.999055777951197,0.513980442019823,0.987910894528624,0.665415747523118,0.525470632591185,NA,NA,NA,0.930417701819029,0.959108102443326,0.918269895048701,0.569342804516676,0.226880775583941,0.980724867596266,0.501820241509712,NA,0.961350325988965,0.954881282624094,0.884637575628134,0.35879305449394,0.771637881942698,NA
"ErmF",0.0621694117994057,0.98674012908337,0.816431631538888,0.824341337207081,0.126537905120768,0.208964900893975,0.967151009896668,0.67008427610727,0.00314501886145693,0.723623493157029,0.402861119104582,0.772375971695423,0.994010702369772,NA,NA,NA,0.609981340488702,0.959108102443326,0.781494100836884,0.484254527501054,0.961399816224008,0.980724867596266,0.954363887483433,NA,0.961350325988965,0.954881282624094,0.610001389690813,0.979004856067782,0.923390787295977,NA
"mdtA",0.481460947397832,0.98674012908337,0.816431631538888,0.953626167931788,0.880672412994988,0.796662876191153,5.99593151301638e-20,0.199569717242233,0.999055777951197,0.975582343676058,0.987910894528624,0.665415747523118,0.58065699268645,NA,NA,NA,0.772138953013442,5.70124042119314e-20,4.21935921286338e-20,0.765572650058242,0.921717813397588,1.35404460003337e-19,0.349342903742159,NA,0.961350325988965,0.954881282624094,0.969570789737168,0.979004856067782,0.969121227816646,NA
"emrY",0.725913097256195,0.98674012908337,0.949003504374342,0.824341337207081,0.880672412994988,0.943677728023608,0.967151009896668,0.199569717242233,0.999055777951197,0.64930852838266,0.963009541957157,0.619927836641565,0.927674087883864,NA,NA,NA,0.664545612691579,1.27242231562753e-20,8.32389146302274e-21,0.765572650058242,3.1283594232217e-20,0.980724867596266,0.335177464488198,NA,0.961350325988965,0.954881282624094,0.623475532420128,0.731680725216003,0.969121227816646,NA
"evgS",0.344777403761111,0.98674012908337,0.87320967871689,0.824341337207081,0.696284743873994,0.894844591379269,0.967151009896668,0.999055777951197,0.911631478251236,0.975582343676058,0.963009541957157,0.619927836641565,0.903315326972037,NA,NA,NA,0.43834975565625,0.959108102443326,0.853787746386158,0.634839485599516,0.747021129084785,0.233037627142339,0.954363887483433,NA,0.293587644770568,0.954881282624094,0.909424515994563,0.98719670902221,0.969121227816646,NA
"mdtH",0.0234729223539583,0.98674012908337,0.816431631538888,0.942082027278167,0.264620411682008,0.208964900893975,1.5299445907286e-23,0.204674134601192,1.89268091599422e-08,0.876423584681915,0.987910894528624,0.738599968123823,0.403168186818725,NA,NA,NA,0.775878034576755,1.26013578245499e-23,7.19973925048754e-24,0.340566842584447,5.24884299231328e-23,5.67061102104746e-23,0.954363887483433,NA,0.961350325988965,0.969283993345104,0.686417209670936,0.488624540087771,0.969121227816646,NA
"marA",0.0234729223539583,0.98674012908337,0.687657937641692,0.824341337207081,0.922312945782399,0.519358412628169,6.86276306379941e-20,0.199569717242233,3.67066984563847e-12,0.876423584681915,6.23887551254492e-20,0.772375971695423,0.387152996779129,NA,NA,NA,0.275988037215536,0.979372968643764,0.922030344591645,0.0619707641707878,0.275382183632462,0.980724867596266,0.954363887483433,NA,0.961350325988965,0.867117932169303,0.589981523273807,0.966041676584125,7.20954660321218e-20,NA
"bacA",0.03493985328974,0.98674012908337,0.816431631538888,0.824341337207081,0.804616417354556,0.676622881072988,0.97588975200058,0.257161075294201,0.000964706709945372,0.975582343676058,0.963009541957157,0.930189341621582,0.0334582924912981,NA,NA,NA,0.43834975565625,7.22770687428795e-28,3.60059893090856e-28,0.0018442016888239,0.292845780201883,0.980724867596266,0.501820241509712,NA,0.636642580669962,0.874772278469067,0.368190489918456,0.456093110032305,0.969121227816646,NA
"myrA",0.0473696035006963,0.98674012908337,0.938712795957325,0.0992656408529459,0.0957377982991875,0.197686328686469,0.97588975200058,0.999055777951197,2.17469906312304e-11,0.64930852838266,1.00615174832237e-18,0.977764174959653,0.956113515226484,NA,NA,NA,0.233813485897045,1.17360746630795e-18,8.5370451372807e-19,0.622917039664136,3.23111820973829e-18,0.980724867596266,1.40861244765131e-17,NA,0.848135333811578,0.826813128755507,0.615072864382181,0.975025397141533,0.192463250900275,NA
"mdtP",0.415072504001492,0.98674012908337,0.888741111035991,0.824341337207081,0.911527955271904,0.839926109804867,0.995789822511097,0.206522900934916,0.999055777951197,0.695770156326838,0.963009541957157,0.744375951863745,0.746631756698931,NA,NA,NA,0.983866703220703,0.959108102443326,0.891746507524563,0.907607169517456,0.961399816224008,1.64919584994759e-21,0.344075280922954,NA,0.961350325988965,0.954881282624094,0.543355047127545,0.731680725216003,0.969121227816646,NA
"aad(6)",0.153251323953387,0.98674012908337,0.816431631538888,0.953626167931788,0.330305798257989,0.125160204178425,0.38175201310832,0.84601130582537,0.999055777951197,0.975582343676058,0.963009541957157,0.894704702045493,0.245635330504456,NA,NA,NA,0.800911250262464,0.00880088189897893,0.00307909276783218,0.907607169517456,0.918049052271773,0.980724867596266,0.335177464488198,NA,0.293587644770568,0.954881282624094,0.67208060748994,0.86692160019738,0.771637881942698,NA
"ANA-1",0.428212631626177,0.98674012908337,0.816431631538888,0.164250416794286,0.0134195915547568,0.111632352994615,7.22559670030769e-33,0.501451184649851,0.72759761381993,0.876423584681915,0.696712632063828,0.976828958681951,0.403168186818725,NA,NA,NA,0.076757272782009,0.378881212801336,3.09668430013187e-33,0.210626376150425,1.54321488614378e-32,0.980724867596266,0.790755238812297,NA,0.961350325988965,0.867117932169303,0.451028458879429,0.731680725216003,0.923390787295977,NA
"Klebsiella pneumoniae KpnH",0.141519703627967,0.98674012908337,0.816431631538888,0.824341337207081,0.600388272956294,0.412574514587443,1.53469736078262e-19,3.69973372605557e-19,0.999055777951197,0.975582343676058,1.35761689607692e-19,0.619927836641565,0.245635330504456,NA,NA,NA,0.772138953013442,1.60268709464305e-19,1.17660130993334e-19,0.53905835299576,0.492120179354173,0.980724867596266,0.954363887483433,NA,0.961350325988965,0.954881282624094,0.513324847463482,0.945692661217115,1.76177796478837e-19,NA
"Escherichia coli GlpT with mutation conferring resistance to fosfomycin",0.000186921705351303,1.25108975644515e-09,0.816431631538888,0.684143529593315,0.880672412994988,0.352037173537065,0.844708403319382,9.97418279176817e-10,8.61406695652705e-10,0.64930852838266,3.9096554888911e-10,0.935549948974396,0.245635330504456,NA,NA,NA,0.245679975870012,5.16153600148519e-10,3.9096554888911e-10,0.29716775094719,0.988094554036758,0.980724867596266,0.954363887483433,NA,0.961350325988965,0.954881282624094,0.513324847463482,0.0999985011928249,5.2641520289888e-10,NA
"Escherichia coli soxR with mutation conferring antibiotic resistance",0.0551157138652445,0.98674012908337,0.816431631538888,0.975461385211149,0.90241513980453,0.783049184689962,0.967151009896668,0.199569717242233,0.999055777951197,0.64930852838266,0.963009541957157,0.698136180040961,0.804269334520318,NA,NA,NA,0.252229157321237,2.18599824232425e-20,1.46768219485935e-20,0.0136658593108137,0.958856089240612,5.10066256542325e-20,0.0123681242281415,NA,0.961350325988965,0.954881282624094,0.190756931277292,0.488624540087771,2.12770371155506e-20,NA
"Escherichia coli soxS with mutation conferring antibiotic resistance",0.00232086302545463,0.98674012908337,0.816431631538888,0.824341337207081,0.944827962037914,0.796662876191153,0.982556434259624,0.199569717242233,0.999055777951197,0.975582343676058,0.987910894528624,0.745203314164855,0.245635330504456,NA,NA,NA,0.930417701819029,2.60604251883666e-20,1.86790818041476e-20,0.210626376150425,0.611084755695061,0.980724867596266,0.954363887483433,NA,0.961350325988965,0.969283993345104,0.192939261606319,0.708053774925197,2.73271134000354e-20,NA
